DTUTC,PHSPEC,TCSPEC,DIC,TA,SAL,QC,TCINSITU,VINT,PHINSITU
16-Feb-2024 20:40:00,8.0086,20,1981.39,2211.47,33.12734506,1,15.676,0.062377,8.07422333298314
18-Mar-2024 18:45:00,8.0447,20,1968.38,2212.71,33.26935456,1,16.299,0.061225,8.10104841567821
