DTUTC,QC,TCINSITU,VINT,PHINSITU
16-Feb-2024 20:50:00,2,15.816,0.077229,8.38730057760413
16-Feb-2024 20:55:00,1,15.776,0.077365,8.38861310113336
16-Feb-2024 21:00:00,2,15.736,0.077686,8.389925933527
18-Mar-2024 18:50:00,2,16.502,0.075748,8.36483858071475
18-Mar-2024 18:55:00,2,16.43,0.075907,8.36719188858791
18-Mar-2024 19:00:00,1,16.344,0.076026,8.37000407562767
18-Mar-2024 19:05:00,2,16.316,0.075889,8.37091997525014
